{"cameraMode":{"drawMode":0,"name":"Shaded","section":"Shading Mode"},"sceneLighting":false,"audioPlay":false,"sceneViewState":{"m_AlwaysRefresh":false,"showFog":true,"showSkybox":false,"showFlares":true,"showImageEffects":true,"showParticleSystems":true,"showVisualEffectGraphs":true,"m_FxEnabled":false},"in2DMode":false,"pivot":{"x":0.6684719324111939,"y":3.4765994548797609,"z":6.529243469238281},"rotation":{"x":0.0002814378822222352,"y":0.99957275390625,"z":-0.02699478343129158,"w":0.010495929978787899},"size":0.24496904015541078,"orthographic":false}