{"cameraMode":{"drawMode":0,"name":"Shaded","section":"Shading Mode"},"sceneLighting":true,"audioPlay":false,"sceneViewState":{"m_AlwaysRefresh":false,"showFog":true,"showSkybox":true,"showFlares":true,"showImageEffects":true,"showParticleSystems":true,"showVisualEffectGraphs":true,"m_FxEnabled":false},"in2DMode":false,"pivot":{"x":0.5366284847259522,"y":0.36177581548690798,"z":1.807313323020935},"rotation":{"x":-0.0003208224952686578,"y":0.999657154083252,"z":-0.017994629219174386,"w":-0.017995722591876985},"size":1.529138207435608,"orthographic":false}